19,1,[554]
46,1,[554]
65,1,[554]
174,1,[554]
192,1,[554]
198,1,[554]
287,1,[554]
293,1,[554]
414,1,[554]
421,1,[554]
429,1,[554]
440,1,[554]
452,1,[554]
461,1,[554]
528,1,[554]
591,1,[554]
600,1,[554]
602,1,[554]
667,1,[554]
683,1,[554]
739,1,[554]
872,1,[554]
890,1,[554]
962,1,[554]
973,1,[554]
975,1,[554]
982,1,[554]
997,1,[554]
1015,1,[554]
1047,1,[554]
1096,1,[554]
1100,1,[554]
1124,1,[554]
1176,1,[554]
1204,1,[554]
1248,1,[554]
1260,1,[554]
1275,1,[554]
1299,1,[554]
1317,1,[554]
1345,1,[554]
1353,1,[554]
1430,1,[554]
1431,1,[554]
1508,1,[554]
1548,1,[554]
1562,1,[554]
1569,1,[554]
1601,1,[554]
1615,1,[554]
1636,1,[554]
1650,1,[554]
1696,1,[554]
1715,1,[554]
1720,1,[554]
1723,1,[554]
1737,1,[554]
1758,1,[554]
1787,1,[554]
1797,1,[554]
1806,1,[554]
1814,1,[554]
1857,1,[554]
1898,1,[554]
1917,1,[554]
1948,1,[554]
1971,1,[554]
2059,1,[554]
2126,1,[554]
2139,1,[554]
2168,1,[554]
2191,1,[554]
2205,1,[554]
2233,1,[554]
2264,1,[554]
2275,1,[554]
2318,1,[554]
2377,1,[554]
2413,1,[554]
2461,1,[554]
2487,1,[554]
2524,1,[554]
2533,1,[554]
2592,1,[554]
2624,1,[554]
2627,1,[554]
2630,1,[554]
2647,1,[554]
2681,1,[554]
2690,1,[554]
2721,1,[554]
2750,1,[554]
2758,1,[554]
2762,1,[554]
2764,1,[554]
2799,1,[554]
2834,1,[554]
2849,1,[554]
2861,1,[554]
2891,1,[554]
2919,1,[554]
2923,1,[554]
2978,1,[554]
2991,1,[554]
3040,1,[554]
3085,1,[554]
3100,1,[554]
3233,1,[554]
3265,1,[554]
3309,1,[554]
3315,1,[554]
3357,1,[554]
3363,1,[554]
3423,1,[554]
3438,1,[554]
3440,1,[554]
3533,1,[554]
3537,1,[554]
3567,1,[554]
3597,1,[554]
3613,1,[554]
3650,1,[554]
3680,1,[554]
3702,1,[554]
3708,1,[554]
3710,1,[554]
3723,1,[554]
3729,1,[554]
3789,1,[554]
3845,1,[554]
3883,1,[554]
3884,1,[554]
3890,1,[554]
3947,1,[554]
4005,1,[554]
4010,1,[554]
4042,1,[554]
4056,1,[554]
4117,1,[554]
4150,1,[554]
4238,1,[554]
4246,1,[554]
4311,1,[554]
4341,1,[554]
4350,1,[554]
4351,1,[554]
4421,1,[554]
4486,1,[554]
4505,1,[554]
4516,1,[554]
4527,1,[554]
4545,1,[554]
4565,1,[554]
4579,1,[554]
4585,1,[554]
4643,1,[554]
4716,1,[554]
4789,1,[554]
4826,1,[554]
4854,1,[554]
4880,1,[554]
4893,1,[554]
4914,1,[554]
4959,1,[554]
4968,1,[554]
